#AfricasXtinction_1379011782	Discussion about rihnoceros and elephants extinction in Africa
#ALMA13_1380334516	American Latino Media Arts Award on MSNBC from Pasadena
#colab13_1379880657	About the conference colab13
#DearCongress_1380800636	United States Congress and the government shutdown
#Filner_1381858141	Bob Filner, mayor of San Diego resigned after taking a plea bargain for criminal charges
#Goldust_1378779104	WWE wrestler Dustin Rhodes
#MichaelDouglas_1379905610	"Michael Douglas Emmy Award for the movie ""Behind the Candelabra"""
#Naruto_1379824640	Japanese fictional animation series
#NJSen_1381363082	By-election for the NJ Senate, very broad topic with lot of current political issues
#NobelPeacePrize_1381482644	Debate between the winner (organization for the prohibition of chemical weapons) and Malala Yousafzai.
#SA2013_1382138575	International figure skating competion Skate America 2013 in Detroit
#SecKerry_1378236310	Discussing SecKerry, Syria's chemical weapons and an attack on Camp Ashraf in Iraq.
#sharktank_1381542559	Tweets about the american reality television series
Barilla_1380218353	Barilla's CEO makes anti-gay statement.
Both\ Manchester_1380384500	Both football clubs Manchester United and Manchester City loose their match
Diahann\ Carroll_1379901050	Denzel Washington and Diahann Carroll to Star in ‘A Raisin in the Sun’ on Broadway
Gasquet_1378330512	Tennis player Richard Gasquet reaching the semi-final of the US Open
Greg\ Oden_1381963968	Greg Oden, trying to make it back after a career-threatening knee injury, endured a slight setback Wednesday as he was held out of practice with swelling in his left knee.
Kerry\ Washington_1382070512	Kerry Washington interview at Saturday Night Live
Laura\ Linney_1379899526	Discussion about Laura Linney 
Manny_1379977634	On October 10, Machado opted to have reconstructive surgery performed on his knee to reduce the chance of future dislocations. The surgery will sideline him for 4–6 months
Manny\ Fresh_1381883457	Something about some rapper named Mannie Fresh who insulted Lesbians at the BET awards
Outstanding Drama Series_1379907122	Breaking bad award
President Obama_1378861446	Barack Obama talks about a possible strike to Syria (chemical weapons etc)
Red\ Sox_1380896455	Boston Red Sox
Sweden_1378289176	Obama's visit in Sweden on his way to the G-20 summit in Russia. Two main topics: war in Syria (vs. Nobel prize) + Assange
Sydney\ Leroux_1378255504	During a friendly against Mexico in September 2013, Leroux scored a hat trick in nine minutes helping the U.S. win 7–0
Tigers_1381465922	Detroit Tigers advancing to the ALCS
Tom Clancy_1380739361	Topic discussing the death of author Tom Clancy.
Willy\ Caballero_1382198210	Malaga FC's goalkeeper good performance against Real Madrid F.C.